"DEPTO","COD_DEPTO","UID","MEDICAMENTO","PRESENTACIÓN","VALOR","CODIGO_DEPARTAMENTO","NOMBRE_MUNICIPIO","CODIGO_MUNICIPIO","TIPO","NOMBRE_DPT","VALOR_REF","variacion"
"AMAZONAS","91","01004-14111","FENOBARBITAL 100 mg Tabletas","Caja x 30 unidades",3900,91,"LETICIA",91001,"Municipio","AMAZONAS",4247,0.9182952672474688
"AMAZONAS","91","01007-006982","HIDROMORFONA HCl 2.5 mg","Caja x 20 unidades",8900,91,"LETICIA",91001,"Municipio","AMAZONAS",9129,0.9749151057070873
"AMAZONAS","91","01009-13618","HIDROMORFONA HCl 2 mg/mL","Caja x 10 unidades",12600,91,"LETICIA",91001,"Municipio","AMAZONAS",14472,0.8706467661691543
"AMAZONAS","91","01010-13615","MEPERIDINA HCL 100 mg/2 mL","Caja x 10 unidades",20600,91,"LETICIA",91001,"Municipio","AMAZONAS",25131,0.8197047471250647
"AMAZONAS","91","01013-011789","METILFENIDATO 10 mg","Caja x 30 Tabletas",21500,91,"LETICIA",91001,"Municipio","AMAZONAS",23687,0.9076708743192469
"AMAZONAS","91","01016-006983","MORFINA SOLUCION 3% solución oral","Frasco x 30 mL",22200,91,"LETICIA",91001,"Municipio","AMAZONAS",25674,0.8646880112175742
"AMAZONAS","91","01017-0010453","MORFINA HCL 10 mg/Ml","Caja x 10 unidades",13700,91,"LETICIA",91001,"Municipio","AMAZONAS",13705,0.9996351696461145
"ANTIOQUIA","05","01001-0014108","FENOBARBITAL 0,4% Sln Oral","Frasco x 120 mL",35300,5,"MEDELLÍN",5001,"Municipio","ANTIOQUIA",31927,1.105647257806872
"ANTIOQUIA","05","01002-14109","FENOBARBITAL 10 mg Tabletas","Caja x 30 unidades",18000,5,"MEDELLÍN",5001,"Municipio","ANTIOQUIA",15657,1.1496455259628282
"ANTIOQUIA","05","01003-14110","FENOBARBITAL 50 mg Tabletas","Caja x 30 unidades",13000,5,"MEDELLÍN",5001,"Municipio","ANTIOQUIA",11310,1.1494252873563218
"ANTIOQUIA","05","01004-14111","FENOBARBITAL 100 mg Tabletas","Caja x 30 unidades",5000,5,"MEDELLÍN",5001,"Municipio","ANTIOQUIA",4247,1.177301624676242
"ANTIOQUIA","05","01005-13616","FENOBARBITAL SÓDICO 40 mg/mL","Caja x 10 unidades",39000,5,"MEDELLÍN",5001,"Municipio","ANTIOQUIA",36594,1.0657484833579276
"ANTIOQUIA","05","01006-13617","FENOBARBITAL SÓDICO 200 mg/mL","Caja x 10 unidades",83000,5,"MEDELLÍN",5001,"Municipio","ANTIOQUIA",72444,1.1457125503837446
"ANTIOQUIA","05","01007-006982","HIDROMORFONA HCl 2.5 mg","Caja x 20 unidades",10700,5,"MEDELLÍN",5001,"Municipio","ANTIOQUIA",9129,1.1720889473107678
"ANTIOQUIA","05","01009-13618","HIDROMORFONA HCl 2 mg/mL","Caja x 10 unidades",16000,5,"MEDELLÍN",5001,"Municipio","ANTIOQUIA",14472,1.105583195135434
"ANTIOQUIA","05","01010-13615","MEPERIDINA HCL 100 mg/2 mL","Caja x 10 unidades",24000,5,"MEDELLÍN",5001,"Municipio","ANTIOQUIA",25131,0.9549958218932793
"ANTIOQUIA","05","01011-0019006","METADONA HCl 10 mg","Caja x 30 Tabletas",32500,5,"MEDELLÍN",5001,"Municipio","ANTIOQUIA",28213,1.1519512281572324
"ANTIOQUIA","05","01011-1-003842","METADONA HCl 10 mg","Frasco x 20 Tabletas",68800,5,"MEDELLÍN",5001,"Municipio","ANTIOQUIA",62467,1.1013815294475484
"ANTIOQUIA","05","01012-0019007","METADONA HCl 40 mg","Caja x 30 Tabletas",64200,5,"MEDELLÍN",5001,"Municipio","ANTIOQUIA",55832,1.1498782060467116
"ANTIOQUIA","05","01012-1-003841","METADONA HCl 40 mg","Frasco x 20 Tabletas",155500,5,"MEDELLÍN",5001,"Municipio","ANTIOQUIA",136690,1.1376106518399298
"ANTIOQUIA","05","01013-011789","METILFENIDATO 10 mg","Caja x 30 Tabletas",27200,5,"MEDELLÍN",5001,"Municipio","ANTIOQUIA",23687,1.1483091991387682
"ANTIOQUIA","05","01014-0001886","METILFENIDATO HCl 18 mg","Caja x 30 Tabletas",196000,5,"MEDELLÍN",5001,"Municipio","ANTIOQUIA",181249,1.0813852766084227
"ANTIOQUIA","05","01015-0001908","METILFENIDATO HCl 36 mg","Caja x 30 Tabletas",390000,5,"MEDELLÍN",5001,"Municipio","ANTIOQUIA",349448,1.1160458780705569
"ANTIOQUIA","05","01016-006983","MORFINA SOLUCION 3% solución oral","Frasco x 30 mL",26600,5,"MEDELLÍN",5001,"Municipio","ANTIOQUIA",25674,1.0360676170444807
"ANTIOQUIA","05","01017-0010453","MORFINA HCL 10 mg/Ml","Caja x 10 unidades",16000,5,"MEDELLÍN",5001,"Municipio","ANTIOQUIA",13705,1.1674571324334184
"ANTIOQUIA","05","01018-1-0019329","PRIMIDONA 250 mg","Caja x 30 Tabletas",32200,5,"MEDELLÍN",5001,"Municipio","ANTIOQUIA",27942,1.1523870875384725
"ANTIOQUIA","05","01018-MVNDP","PRIMIDONA 250 mg","Caja x 50 Tabletas",26600,5,"MEDELLÍN",5001,"Municipio","ANTIOQUIA",51732,0.5141885100131447
"ARAUCA","81","01001-0014108","FENOBARBITAL 0,4% Sln Oral","Frasco x 120 mL",32500,81,"ARAUCA",81001,"Municipio","ARAUCA",31927,1.0179471920318226
"ARAUCA","81","01002-14109","FENOBARBITAL 10 mg Tabletas","Caja x 30 unidades",19000,81,"ARAUCA",81001,"Municipio","ARAUCA",15657,1.2135147218496518
"ARAUCA","81","01003-14110","FENOBARBITAL 50 mg Tabletas","Caja x 30 unidades",14200,81,"ARAUCA",81001,"Municipio","ARAUCA",11310,1.25552608311229
"ARAUCA","81","01004-14111","FENOBARBITAL 100 mg Tabletas","Caja x 30 unidades",4800,81,"ARAUCA",81001,"Municipio","ARAUCA",4247,1.1302095596891923
"ARAUCA","81","01005-13616","FENOBARBITAL SÓDICO 40 mg/mL","Caja x 10 unidades",42000,81,"ARAUCA",81001,"Municipio","ARAUCA",36594,1.147729135923922
"ARAUCA","81","01006-13617","FENOBARBITAL SÓDICO 200 mg/mL","Caja x 10 unidades",90000,81,"ARAUCA",81001,"Municipio","ARAUCA",72444,1.242338910054663
"ARAUCA","81","01007-006982","HIDROMORFONA HCl 2.5 mg","Caja x 20 unidades",11200,81,"ARAUCA",81001,"Municipio","ARAUCA",9129,1.2268594588673458
"ARAUCA","81","01010-13615","MEPERIDINA HCL 100 mg/2 mL","Caja x 10 unidades",25700,81,"ARAUCA",81001,"Municipio","ARAUCA",25131,1.0226413592773864
"ARAUCA","81","01011-0019006","METADONA HCl 10 mg","Caja x 30 Tabletas",35200,81,"ARAUCA",81001,"Municipio","ARAUCA",28213,1.2476517917272179
"ARAUCA","81","01014-0001886","METILFENIDATO HCl 18 mg","Caja x 30 Tabletas",226500,81,"ARAUCA",81001,"Municipio","ARAUCA",181249,1.2496620671010599
"ARAUCA","81","01015-0001908","METILFENIDATO HCl 36 mg","Caja x 30 Tabletas",436800,81,"ARAUCA",81001,"Municipio","ARAUCA",349448,1.2499713834390238
"ARAUCA","81","01016-006983","MORFINA SOLUCION 3% solución oral","Frasco x 30 mL",27700,81,"ARAUCA",81001,"Municipio","ARAUCA",25674,1.0789125185012074
"ARAUCA","81","01017-0010453","MORFINA HCL 10 mg/Ml","Caja x 10 unidades",17200,81,"ARAUCA",81001,"Municipio","ARAUCA",13705,1.2550164173659248
"ATLÁNTICO","08","01001-0014108","FENOBARBITAL 0,4% Sln Oral","Frasco x 120 mL",31200,8,"BARRANQUILLA",8001,"Municipio","ATLANTICO",31927,0.9772293043505497
"ATLÁNTICO","08","01002-14109","FENOBARBITAL 10 mg Tabletas","Caja x 30 unidades",18200,8,"BARRANQUILLA",8001,"Municipio","ATLANTICO",15657,1.1624193651401928
"ATLÁNTICO","08","01003-14110","FENOBARBITAL 50 mg Tabletas","Caja x 30 unidades",13000,8,"BARRANQUILLA",8001,"Municipio","ATLANTICO",11310,1.1494252873563218
"ATLÁNTICO","08","01004-14111","FENOBARBITAL 100 mg Tabletas","Caja x 30 unidades",4650,8,"BARRANQUILLA",8001,"Municipio","ATLANTICO",4247,1.094890510948905
"ATLÁNTICO","08","01005-13616","FENOBARBITAL SÓDICO 40 mg/mL","Caja x 10 unidades",42000,8,"BARRANQUILLA",8001,"Municipio","ATLANTICO",36594,1.147729135923922
"ATLÁNTICO","08","01006-13617","FENOBARBITAL SÓDICO 200 mg/mL","Caja x 10 unidades",56500,8,"BARRANQUILLA",8001,"Municipio","ATLANTICO",72444,0.7799127602009829
"ATLÁNTICO","08","01007-006982","HIDROMORFONA HCl 2.5 mg","Caja x 20 unidades",10227,8,"BARRANQUILLA",8001,"Municipio","ATLANTICO",9129,1.120276043378245
"ATLÁNTICO","08","01009-13618","HIDROMORFONA HCl 2 mg/mL","Caja x 10 unidades",15100,8,"BARRANQUILLA",8001,"Municipio","ATLANTICO",14472,1.0433941404090659
"ATLÁNTICO","08","01010-13615","MEPERIDINA HCL 100 mg/2 mL","Caja x 10 unidades",23400,8,"BARRANQUILLA",8001,"Municipio","ATLANTICO",25131,0.9311209263459472
"ATLÁNTICO","08","01011-0019006","METADONA HCl 10 mg","Caja x 30 Tabletas",34000,8,"BARRANQUILLA",8001,"Municipio","ATLANTICO",28213,1.2051182079183356
"ATLÁNTICO","08","01011-1-003842","METADONA HCl 10 mg","Frasco x 20 Tabletas",68800,8,"BARRANQUILLA",8001,"Municipio","ATLANTICO",62467,1.1013815294475484
"ATLÁNTICO","08","01012-1-003841","METADONA HCl 40 mg","Frasco x 20 Tabletas",151500,8,"BARRANQUILLA",8001,"Municipio","ATLANTICO",136690,1.108347355329578
"ATLÁNTICO","08","01013-011789","METILFENIDATO 10 mg","Caja x 30 Tabletas",25000,8,"BARRANQUILLA",8001,"Municipio","ATLANTICO",23687,1.0554312492084266
"ATLÁNTICO","08","01014-0001886","METILFENIDATO HCl 18 mg","Caja x 30 Tabletas",217500,8,"BARRANQUILLA",8001,"Municipio","ATLANTICO",181249,1.2000066207261832
"ATLÁNTICO","08","01015-0001908","METILFENIDATO HCl 36 mg","Caja x 30 Tabletas",419400,8,"BARRANQUILLA",8001,"Municipio","ATLANTICO",349448,1.2001785673404912
"ATLÁNTICO","08","01016-006983","MORFINA SOLUCION 3% solución oral","Frasco x 30 mL",26500,8,"BARRANQUILLA",8001,"Municipio","ATLANTICO",25674,1.0321726260029602
"ATLÁNTICO","08","01017-0010453","MORFINA HCL 10 mg/Ml","Caja x 10 unidades",16000,8,"BARRANQUILLA",8001,"Municipio","ATLANTICO",13705,1.1674571324334184
"ATLÁNTICO","08","01018-1-0019329","PRIMIDONA 250 mg","Caja x 30 Tabletas",56600,8,"BARRANQUILLA",8001,"Municipio","ATLANTICO",27942,2.0256245079092405
"BOYACÁ","15","01001-0014108","FENOBARBITAL 0,4% Sln Oral","Frasco x 120 mL",36000,15,"TUNJA",15001,"Municipio","BOYACA",31927,1.1275722742506342
"BOYACÁ","15","01002-14109","FENOBARBITAL 10 mg Tabletas","Caja x 30 unidades",17500,15,"TUNJA",15001,"Municipio","BOYACA",15657,1.1177109280194162
"BOYACÁ","15","01003-14110","FENOBARBITAL 50 mg Tabletas","Caja x 30 unidades",13000,15,"TUNJA",15001,"Municipio","BOYACA",11310,1.1494252873563218
"BOYACÁ","15","01004-14111","FENOBARBITAL 100 mg Tabletas","Caja x 30 unidades",4000,15,"TUNJA",15001,"Municipio","BOYACA",4247,0.9418412997409936
"BOYACÁ","15","01005-13616","FENOBARBITAL SÓDICO 40 mg/mL","Caja x 10 unidades",33000,15,"TUNJA",15001,"Municipio","BOYACA",36594,0.9017871782259387
"BOYACÁ","15","01006-13617","FENOBARBITAL SÓDICO 200 mg/mL","Caja x 10 unidades",52000,15,"TUNJA",15001,"Municipio","BOYACA",72444,0.7177958146982497
"BOYACÁ","15","01007-006982","HIDROMORFONA HCl 2.5 mg","Caja x 20 unidades",10000,15,"TUNJA",15001,"Municipio","BOYACA",9129,1.0954102311315588
"BOYACÁ","15","01009-13618","HIDROMORFONA HCl 2 mg/mL","Caja x 10 unidades",16000,15,"TUNJA",15001,"Municipio","BOYACA",14472,1.105583195135434
"BOYACÁ","15","01010-13615","MEPERIDINA HCL 100 mg/2 mL","Caja x 10 unidades",22000,15,"TUNJA",15001,"Municipio","BOYACA",25131,0.875412836735506
"BOYACÁ","15","01011-1-003842","METADONA HCl 10 mg","Frasco x 20 Tabletas",65000,15,"TUNJA",15001,"Municipio","BOYACA",62467,1.0405494100885266
"BOYACÁ","15","01013-011789","METILFENIDATO 10 mg","Caja x 30 Tabletas",28000,15,"TUNJA",15001,"Municipio","BOYACA",23687,1.1820829991134378
"BOYACÁ","15","01014-0001886","METILFENIDATO HCl 18 mg","Caja x 30 Tabletas",220000,15,"TUNJA",15001,"Municipio","BOYACA",181249,1.21379980027476
"BOYACÁ","15","01016-006983","MORFINA SOLUCION 3% solución oral","Frasco x 30 mL",26000,15,"TUNJA",15001,"Municipio","BOYACA",25674,1.0126976707953572
"BOYACÁ","15","01017-0010453","MORFINA HCL 10 mg/Ml","Caja x 10 unidades",15000,15,"TUNJA",15001,"Municipio","BOYACA",13705,1.0944910616563297
"BOYACÁ","15","01018-1-0019329","PRIMIDONA 250 mg","Caja x 30 Tabletas",57000,15,"TUNJA",15001,"Municipio","BOYACA",27942,2.0399398754563025
"CALDAS","17","01001-0014108","FENOBARBITAL 0,4% Sln Oral","Frasco x 120 mL",36800,17,"MANIZALES",17001,"Municipio","CALDAS",31927,1.1526294359006484
"CALDAS","17","01002-14109","FENOBARBITAL 10 mg Tabletas","Caja x 30 unidades",19000,17,"MANIZALES",17001,"Municipio","CALDAS",15657,1.2135147218496518
"CALDAS","17","01003-14110","FENOBARBITAL 50 mg Tabletas","Caja x 30 unidades",13600,17,"MANIZALES",17001,"Municipio","CALDAS",11310,1.202475685234306
"CALDAS","17","01004-14111","FENOBARBITAL 100 mg Tabletas","Caja x 30 unidades",5100,17,"MANIZALES",17001,"Municipio","CALDAS",4247,1.2008476571697668
"CALDAS","17","01005-13616","FENOBARBITAL SÓDICO 40 mg/mL","Caja x 10 unidades",44000,17,"MANIZALES",17001,"Municipio","CALDAS",36594,1.2023829043012515
"CALDAS","17","01006-13617","FENOBARBITAL SÓDICO 200 mg/mL","Caja x 10 unidades",87000,17,"MANIZALES",17001,"Municipio","CALDAS",72444,1.2009276130528408
"CALDAS","17","01007-006982","HIDROMORFONA HCl 2.5 mg","Caja x 20 unidades",10700,17,"MANIZALES",17001,"Municipio","CALDAS",9129,1.1720889473107678
"CALDAS","17","01009-13618","HIDROMORFONA HCl 2 mg/mL","Caja x 10 unidades",16500,17,"MANIZALES",17001,"Municipio","CALDAS",14472,1.1401326699834162
"CALDAS","17","01010-13615","MEPERIDINA HCL 100 mg/2 mL","Caja x 10 unidades",25000,17,"MANIZALES",17001,"Municipio","CALDAS",25131,0.9947873144721658
"CALDAS","17","01011-0019006","METADONA HCl 10 mg","Caja x 30 Tabletas",33850,17,"MANIZALES",17001,"Municipio","CALDAS",28213,1.1998015099422252
"CALDAS","17","01011-1-003842","METADONA HCl 10 mg","Frasco x 20 Tabletas",74100,17,"MANIZALES",17001,"Municipio","CALDAS",62467,1.1862263275009204
"CALDAS","17","01014-0001886","METILFENIDATO HCl 18 mg","Caja x 30 Tabletas",200864,17,"MANIZALES",17001,"Municipio","CALDAS",181249,1.1082212867381338
"CALDAS","17","01015-0001908","METILFENIDATO HCl 36 mg","Caja x 30 Tabletas",401728,17,"MANIZALES",17001,"Municipio","CALDAS",349448,1.149607380783407
"CALDAS","17","01016-006983","MORFINA SOLUCION 3% solución oral","Frasco x 30 mL",30800,17,"MANIZALES",17001,"Municipio","CALDAS",25674,1.1996572407883461
"CALDAS","17","01017-0010453","MORFINA HCL 10 mg/Ml","Caja x 10 unidades",16000,17,"MANIZALES",17001,"Municipio","CALDAS",13705,1.1674571324334184
"CALDAS","17","01018-1-0019329","PRIMIDONA 250 mg","Caja x 30 Tabletas",33500,17,"MANIZALES",17001,"Municipio","CALDAS",27942,1.1989120320664233
"CALDAS","17","01018-MVNDP","PRIMIDONA 250 mg","Caja x 50 Tabletas",62000,17,"MANIZALES",17001,"Municipio","CALDAS",51732,1.1984844970231192
"CAQUETÁ","18","01001-0014108","FENOBARBITAL 0,4% Sln Oral","Frasco x 120 mL",38350,18,"FLORENCIA",18001,"Municipio","CAQUETA",31927,1.2011776865975508
"CAQUETÁ","18","01002-14109","FENOBARBITAL 10 mg Tabletas","Caja x 30 unidades",19560,18,"FLORENCIA",18001,"Municipio","CAQUETA",15657,1.2492814715462732
"CAQUETÁ","18","01003-14110","FENOBARBITAL 50 mg Tabletas","Caja x 30 unidades",14700,18,"FLORENCIA",18001,"Municipio","CAQUETA",11310,1.29973474801061
"CAQUETÁ","18","01004-14111","FENOBARBITAL 100 mg Tabletas","Caja x 30 unidades",4800,18,"FLORENCIA",18001,"Municipio","CAQUETA",4247,1.1302095596891923
"CAQUETÁ","18","01005-13616","FENOBARBITAL SÓDICO 40 mg/mL","Caja x 10 unidades",42700,18,"FLORENCIA",18001,"Municipio","CAQUETA",36594,1.1668579548559874
"CAQUETÁ","18","01006-13617","FENOBARBITAL SÓDICO 200 mg/mL","Caja x 10 unidades",90550,18,"FLORENCIA",18001,"Municipio","CAQUETA",72444,1.2499309811716637
"CAQUETÁ","18","01007-006982","HIDROMORFONA HCl 2.5 mg","Caja x 20 unidades",11700,18,"FLORENCIA",18001,"Municipio","CAQUETA",9129,1.2816299704239238
"CAQUETÁ","18","01009-13618","HIDROMORFONA HCl 2 mg/mL","Caja x 10 unidades",17100,18,"FLORENCIA",18001,"Municipio","CAQUETA",14472,1.181592039800995
"CAQUETÁ","18","01010-13615","MEPERIDINA HCL 100 mg/2 mL","Caja x 10 unidades",25000,18,"FLORENCIA",18001,"Municipio","CAQUETA",25131,0.9947873144721658
"CAQUETÁ","18","01012-1-003841","METADONA HCl 40 mg","Frasco x 20 Tabletas",169000,18,"FLORENCIA",18001,"Municipio","CAQUETA",136690,1.2363742775623674
"CAQUETÁ","18","01013-011789","METILFENIDATO 10 mg","Caja x 30 Tabletas",29610,18,"FLORENCIA",18001,"Municipio","CAQUETA",23687,1.2500527715624605
"CAQUETÁ","18","01016-006983","MORFINA SOLUCION 3% solución oral","Frasco x 30 mL",27750,18,"FLORENCIA",18001,"Municipio","CAQUETA",25674,1.0808600140219677
"CAQUETÁ","18","01017-0010453","MORFINA HCL 10 mg/Ml","Caja x 10 unidades",17000,18,"FLORENCIA",18001,"Municipio","CAQUETA",13705,1.2404232032105071
"CAQUETÁ","18","01019-0016853","HIDRATO CLORAL 10% Sln Oral","Frasco x 30 mL",118500,18,"FLORENCIA",18001,"Municipio","CAQUETA",94805,1.2499340752070038
"CASANARE","85","01001-0014108","FENOBARBITAL 0,4% Sln Oral","Frasco x 120 mL",43000,85,"YOPAL",85001,"Municipio","CASANARE",31927,1.3468224386882577
"CASANARE","85","01002-14109","FENOBARBITAL 10 mg Tabletas","Caja x 30 unidades",22500,85,"YOPAL",85001,"Municipio","CASANARE",15657,1.437056907453535
"CASANARE","85","01003-14110","FENOBARBITAL 50 mg Tabletas","Caja x 30 unidades",18000,85,"YOPAL",85001,"Municipio","CASANARE",11310,1.5915119363395225
"CASANARE","85","01004-14111","FENOBARBITAL 100 mg Tabletas","Caja x 30 unidades",7500,85,"YOPAL",85001,"Municipio","CASANARE",4247,1.765952437014363
"CASANARE","85","01005-13616","FENOBARBITAL SÓDICO 40 mg/mL","Caja x 10 unidades",52000,85,"YOPAL",85001,"Municipio","CASANARE",36594,1.4209979778105701
"CASANARE","85","01006-13617","FENOBARBITAL SÓDICO 200 mg/mL","Caja x 10 unidades",102000,85,"YOPAL",85001,"Municipio","CASANARE",72444,1.4079840980619514
"CASANARE","85","01007-006982","HIDROMORFONA HCl 2.5 mg","Caja x 20 unidades",13000,85,"YOPAL",85001,"Municipio","CASANARE",9129,1.4240333004710264
"CASANARE","85","01009-13618","HIDROMORFONA HCl 2 mg/mL","Caja x 10 unidades",20000,85,"YOPAL",85001,"Municipio","CASANARE",14472,1.3819789939192924
"CASANARE","85","01010-13615","MEPERIDINA HCL 100 mg/2 mL","Caja x 10 unidades",30000,85,"YOPAL",85001,"Municipio","CASANARE",25131,1.193744777366599
"CASANARE","85","01011-0019006","METADONA HCl 10 mg","Caja x 30 Tabletas",132000,85,"YOPAL",85001,"Municipio","CASANARE",28213,4.678694218977068
"CASANARE","85","01011-1-003842","METADONA HCl 10 mg","Frasco x 20 Tabletas",88000,85,"YOPAL",85001,"Municipio","CASANARE",62467,1.4087438167352362
"CASANARE","85","01014-0001886","METILFENIDATO HCl 18 mg","Caja x 30 Tabletas",630000,85,"YOPAL",85001,"Municipio","CASANARE",181249,3.4758812462413586
"CASANARE","85","01015-0001908","METILFENIDATO HCl 36 mg","Caja x 30 Tabletas",934500,85,"YOPAL",85001,"Municipio","CASANARE",349448,2.6742176232229116
"CASANARE","85","01016-006983","MORFINA SOLUCION 3% solución oral","Frasco x 30 mL",36000,85,"YOPAL",85001,"Municipio","CASANARE",25674,1.4021967749474176
"CASANARE","85","01017-0010453","MORFINA HCL 10 mg/Ml","Caja x 10 unidades",20000,85,"YOPAL",85001,"Municipio","CASANARE",13705,1.459321415541773
"CASANARE","85","01018-1-0019329","PRIMIDONA 250 mg","Caja x 30 Tabletas",45000,85,"YOPAL",85001,"Municipio","CASANARE",27942,1.6104788490444493
"CASANARE","85","01019-0016853","HIDRATO CLORAL 10% Sln Oral","Frasco x 30 mL",132750,85,"YOPAL",85001,"Municipio","CASANARE",94805,1.4002426032382258
"CAUCA","19","01001-0014108","FENOBARBITAL 0,4% Sln Oral","Frasco x 120 mL",32000,19,"POPAYÁN",19001,"Municipio","CAUCA",31927,1.0022864660005637
"CAUCA","19","01002-14109","FENOBARBITAL 10 mg Tabletas","Caja x 30 unidades",16800,19,"POPAYÁN",19001,"Municipio","CAUCA",15657,1.0730024908986395
"CAUCA","19","01003-14110","FENOBARBITAL 50 mg Tabletas","Caja x 30 unidades",12700,19,"POPAYÁN",19001,"Municipio","CAUCA",11310,1.1229000884173297
"CAUCA","19","01004-14111","FENOBARBITAL 100 mg Tabletas","Caja x 30 unidades",4900,19,"POPAYÁN",19001,"Municipio","CAUCA",4247,1.1537555921827172
"CAUCA","19","01005-13616","FENOBARBITAL SÓDICO 40 mg/mL","Caja x 10 unidades",40000,19,"POPAYÁN",19001,"Municipio","CAUCA",36594,1.0930753675465923
"CAUCA","19","01006-13617","FENOBARBITAL SÓDICO 200 mg/mL","Caja x 10 unidades",156100,19,"POPAYÁN",19001,"Municipio","CAUCA",72444,2.1547678206614767
"CAUCA","19","01007-006982","HIDROMORFONA HCl 2.5 mg","Caja x 20 unidades",10600,19,"POPAYÁN",19001,"Municipio","CAUCA",9129,1.1611348449994523
"CAUCA","19","01009-13618","HIDROMORFONA HCl 2 mg/mL","Caja x 10 unidades",15680,19,"POPAYÁN",19001,"Municipio","CAUCA",14472,1.0834715312327252
"CAUCA","19","01010-13615","MEPERIDINA HCL 100 mg/2 mL","Caja x 10 unidades",27000,19,"POPAYÁN",19001,"Municipio","CAUCA",25131,1.0743702996299391
"CAUCA","19","01011-0019006","METADONA HCl 10 mg","Caja x 30 Tabletas",30200,19,"POPAYÁN",19001,"Municipio","CAUCA",28213,1.0704285258568744
"CAUCA","19","01012-1-003841","METADONA HCl 40 mg","Frasco x 20 Tabletas",141200,19,"POPAYÁN",19001,"Municipio","CAUCA",136690,1.0329943668154218
"CAUCA","19","01013-011789","METILFENIDATO 10 mg","Caja x 30 Tabletas",23800,19,"POPAYÁN",19001,"Municipio","CAUCA",23687,1.004770549246422
"CAUCA","19","01016-006983","MORFINA SOLUCION 3% solución oral","Frasco x 30 mL",27000,19,"POPAYÁN",19001,"Municipio","CAUCA",25674,1.0516475812105632
"CAUCA","19","01017-0010453","MORFINA HCL 10 mg/Ml","Caja x 10 unidades",23500,19,"POPAYÁN",19001,"Municipio","CAUCA",13705,1.7147026632615834
"CAUCA","19","01018-1-0019329","PRIMIDONA 250 mg","Caja x 30 Tabletas",30000,19,"POPAYÁN",19001,"Municipio","CAUCA",27942,1.0736525660296328
"CAUCA","19","01018-MVNDP","PRIMIDONA 250 mg","Caja x 50 Tabletas",25000,19,"POPAYÁN",19001,"Municipio","CAUCA",51732,0.4832598778319029
"CESAR","20","01001-0014108","FENOBARBITAL 0,4% Sln Oral","Frasco x 120 mL",42961,20,"VALLEDUPAR",20001,"Municipio","CESAR",31927,1.3456009020578195
"CESAR","20","01002-14109","FENOBARBITAL 10 mg Tabletas","Caja x 30 unidades",12600,20,"VALLEDUPAR",20001,"Municipio","CESAR",15657,0.8047518681739797
"CESAR","20","01003-14110","FENOBARBITAL 50 mg Tabletas","Caja x 30 unidades",15840,20,"VALLEDUPAR",20001,"Municipio","CESAR",11310,1.4005305039787799
"CESAR","20","01004-14111","FENOBARBITAL 100 mg Tabletas","Caja x 30 unidades",5400,20,"VALLEDUPAR",20001,"Municipio","CESAR",4247,1.2714857546503415
"CESAR","20","01005-13616","FENOBARBITAL SÓDICO 40 mg/mL","Caja x 10 unidades",38883,20,"VALLEDUPAR",20001,"Municipio","CESAR",36594,1.0625512379078537
"CESAR","20","01006-13617","FENOBARBITAL SÓDICO 200 mg/mL","Caja x 10 unidades",101430,20,"VALLEDUPAR",20001,"Municipio","CESAR",72444,1.400115951631605
"CESAR","20","01007-006982","HIDROMORFONA HCl 2.5 mg","Caja x 20 unidades",12460,20,"VALLEDUPAR",20001,"Municipio","CESAR",9129,1.3648811479899223
"CESAR","20","01009-13618","HIDROMORFONA HCl 2 mg/mL","Caja x 10 unidades",19160,20,"VALLEDUPAR",20001,"Municipio","CESAR",14472,1.3239358761746822
"CESAR","20","01010-13615","MEPERIDINA HCL 100 mg/2 mL","Caja x 10 unidades",26000,20,"VALLEDUPAR",20001,"Municipio","CESAR",25131,1.0345788070510524
"CESAR","20","01011-1-003842","METADONA HCl 10 mg","Frasco x 20 Tabletas",86500,20,"VALLEDUPAR",20001,"Municipio","CESAR",62467,1.3847311380408855
"CESAR","20","01012-0019007","METADONA HCl 40 mg","Caja x 30 Tabletas",116490,20,"VALLEDUPAR",20001,"Municipio","CESAR",55832,2.0864378850838228
"CESAR","20","01012-1-003841","METADONA HCl 40 mg","Frasco x 20 Tabletas",189280,20,"VALLEDUPAR",20001,"Municipio","CESAR",136690,1.3847391908698514
"CESAR","20","01014-0001886","METILFENIDATO HCl 18 mg","Caja x 30 Tabletas",253740,20,"VALLEDUPAR",20001,"Municipio","CESAR",181249,1.399952551462353
"CESAR","20","01015-0001908","METILFENIDATO HCl 36 mg","Caja x 30 Tabletas",489240,20,"VALLEDUPAR",20001,"Municipio","CESAR",349448,1.4000366291980495
"CESAR","20","01016-006983","MORFINA SOLUCION 3% solución oral","Frasco x 30 mL",31031,20,"VALLEDUPAR",20001,"Municipio","CESAR",25674,1.2086546700942589
"CESAR","20","01017-0010453","MORFINA HCL 10 mg/Ml","Caja x 10 unidades",19000,20,"VALLEDUPAR",20001,"Municipio","CESAR",13705,1.3863553447646844
"CESAR","20","01018-1-0019329","PRIMIDONA 250 mg","Caja x 30 Tabletas",43470,20,"VALLEDUPAR",20001,"Municipio","CESAR",27942,1.555722568176938
"CHOCÓ","27","01001-0014108","FENOBARBITAL 0,4% Sln Oral","Frasco x 120 mL",33000,27,"QUIBDÓ",27001,"Municipio","CHOCO",31927,1.0336079180630815
"CHOCÓ","27","01002-14109","FENOBARBITAL 10 mg Tabletas","Caja x 30 unidades",20000,27,"QUIBDÓ",27001,"Municipio","CHOCO",15657,1.2773839177364756
"CHOCÓ","27","01003-14110","FENOBARBITAL 50 mg Tabletas","Caja x 30 unidades",14000,27,"QUIBDÓ",27001,"Municipio","CHOCO",11310,1.237842617152962
"CHOCÓ","27","01004-14111","FENOBARBITAL 100 mg Tabletas","Caja x 30 unidades",5000,27,"QUIBDÓ",27001,"Municipio","CHOCO",4247,1.177301624676242
"CHOCÓ","27","01005-13616","FENOBARBITAL SÓDICO 40 mg/mL","Caja x 10 unidades",44000,27,"QUIBDÓ",27001,"Municipio","CHOCO",36594,1.2023829043012515
"CHOCÓ","27","01006-13617","FENOBARBITAL SÓDICO 200 mg/mL","Caja x 10 unidades",94177,27,"QUIBDÓ",27001,"Municipio","CHOCO",72444,1.2999972392468666
"CHOCÓ","27","01007-006982","HIDROMORFONA HCl 2.5 mg","Caja x 20 unidades",11500,27,"QUIBDÓ",27001,"Municipio","CHOCO",9129,1.2597217658012927
"CHOCÓ","27","01009-13618","HIDROMORFONA HCl 2 mg/mL","Caja x 10 unidades",18000,27,"QUIBDÓ",27001,"Municipio","CHOCO",14472,1.243781094527363
"CHOCÓ","27","01010-13615","MEPERIDINA HCL 100 mg/2 mL","Caja x 10 unidades",26000,27,"QUIBDÓ",27001,"Municipio","CHOCO",25131,1.0345788070510524
"CHOCÓ","27","01011-1-003842","METADONA HCl 10 mg","Frasco x 20 Tabletas",74100,27,"QUIBDÓ",27001,"Municipio","CHOCO",62467,1.1862263275009204
"CHOCÓ","27","01012-1-003841","METADONA HCl 40 mg","Frasco x 20 Tabletas",67000,27,"QUIBDÓ",27001,"Municipio","CHOCO",136690,0.4901602165483942
"CHOCÓ","27","01016-006983","MORFINA SOLUCION 3% solución oral","Frasco x 30 mL",29000,27,"QUIBDÓ",27001,"Municipio","CHOCO",25674,1.1295474020409753
"CHOCÓ","27","01017-0010453","MORFINA HCL 10 mg/Ml","Caja x 10 unidades",20000,27,"QUIBDÓ",27001,"Municipio","CHOCO",13705,1.459321415541773
"CÓRDOBA","23","01001-0014108","FENOBARBITAL 0,4% Sln Oral","Frasco x 120 mL",12000,23,"MONTERÍA",23001,"Municipio","CORDOBA",31927,0.37585742475021144
"CÓRDOBA","23","01004-14111","FENOBARBITAL 100 mg Tabletas","Caja x 30 unidades",3600,23,"MONTERÍA",23001,"Municipio","CORDOBA",4247,0.8476571697668943
"CÓRDOBA","23","01006-13617","FENOBARBITAL SÓDICO 200 mg/mL","Caja x 10 unidades",155000,23,"MONTERÍA",23001,"Municipio","CORDOBA",72444,2.139583678427475
"CÓRDOBA","23","01007-006982","HIDROMORFONA HCl 2.5 mg","Caja x 20 unidades",10500,23,"MONTERÍA",23001,"Municipio","CORDOBA",9129,1.1501807426881367
"CÓRDOBA","23","01009-13618","HIDROMORFONA HCl 2 mg/mL","Caja x 10 unidades",14000,23,"MONTERÍA",23001,"Municipio","CORDOBA",14472,0.9673852957435047
"CÓRDOBA","23","01010-13615","MEPERIDINA HCL 100 mg/2 mL","Caja x 10 unidades",23000,23,"MONTERÍA",23001,"Municipio","CORDOBA",25131,0.9152043293143926
"CÓRDOBA","23","01011-0019006","METADONA HCl 10 mg","Caja x 30 Tabletas",33600,23,"MONTERÍA",23001,"Municipio","CORDOBA",28213,1.190940346648708
"CÓRDOBA","23","01014-0001886","METILFENIDATO HCl 18 mg","Caja x 30 Tabletas",216000,23,"MONTERÍA",23001,"Municipio","CORDOBA",181249,1.1917307129970371
"CÓRDOBA","23","01015-0001908","METILFENIDATO HCl 36 mg","Caja x 30 Tabletas",320000,23,"MONTERÍA",23001,"Municipio","CORDOBA",349448,0.9157299512373801
"CÓRDOBA","23","01016-006983","MORFINA SOLUCION 3% solución oral","Frasco x 30 mL",25550,23,"MONTERÍA",23001,"Municipio","CORDOBA",25674,0.9951702111085144
"CÓRDOBA","23","01017-0010453","MORFINA HCL 10 mg/Ml","Caja x 10 unidades",15500,23,"MONTERÍA",23001,"Municipio","CORDOBA",13705,1.130974097044874
"CÓRDOBA","23","01018-1-0019329","PRIMIDONA 250 mg","Caja x 30 Tabletas",61500,23,"MONTERÍA",23001,"Municipio","CORDOBA",27942,2.2009877603607473
"GUAVIARE","95","01001-0014108","FENOBARBITAL 0,4% Sln Oral","Frasco x 120 mL",30686,95,"SAN JOSÉ DEL GUAVIARE",95001,"Municipio","GUAVIARE",31927,0.9611300779904156
"GUAVIARE","95","01002-14109","FENOBARBITAL 10 mg Tabletas","Caja x 30 unidades",18787,95,"SAN JOSÉ DEL GUAVIARE",95001,"Municipio","GUAVIARE",15657,1.1999105831257584
"GUAVIARE","95","01003-14110","FENOBARBITAL 50 mg Tabletas","Caja x 30 unidades",13590,95,"SAN JOSÉ DEL GUAVIARE",95001,"Municipio","GUAVIARE",11310,1.2015915119363396
"GUAVIARE","95","01004-14111","FENOBARBITAL 100 mg Tabletas","Caja x 30 unidades",4620,95,"SAN JOSÉ DEL GUAVIARE",95001,"Municipio","GUAVIARE",4247,1.0878267012008476
"GUAVIARE","95","01005-13616","FENOBARBITAL SÓDICO 40 mg/mL","Caja x 10 unidades",41000,95,"SAN JOSÉ DEL GUAVIARE",95001,"Municipio","GUAVIARE",36594,1.1204022517352572
"GUAVIARE","95","01006-13617","FENOBARBITAL SÓDICO 200 mg/mL","Caja x 10 unidades",79690,95,"SAN JOSÉ DEL GUAVIARE",95001,"Municipio","GUAVIARE",72444,1.1000220860250676
"GUAVIARE","95","01007-006982","HIDROMORFONA HCl 2.5 mg","Caja x 20 unidades",8838,95,"SAN JOSÉ DEL GUAVIARE",95001,"Municipio","GUAVIARE",9129,0.9681235622740716
"GUAVIARE","95","01010-13615","MEPERIDINA HCL 100 mg/2 mL","Caja x 10 unidades",24720,95,"SAN JOSÉ DEL GUAVIARE",95001,"Municipio","GUAVIARE",25131,0.9836456965500776
"GUAVIARE","95","01011-1-003842","METADONA HCl 10 mg","Frasco x 20 Tabletas",74134,95,"SAN JOSÉ DEL GUAVIARE",95001,"Municipio","GUAVIARE",62467,1.186770614884659
"GUAVIARE","95","01016-006983","MORFINA SOLUCION 3% solución oral","Frasco x 30 mL",26600,95,"SAN JOSÉ DEL GUAVIARE",95001,"Municipio","GUAVIARE",25674,1.0360676170444807
"GUAVIARE","95","01017-0010453","MORFINA HCL 10 mg/Ml","Caja x 10 unidades",16450,95,"SAN JOSÉ DEL GUAVIARE",95001,"Municipio","GUAVIARE",13705,1.2002918642831084
"HUILA","41","01001-0014108","FENOBARBITAL 0,4% Sln Oral","Frasco x 120 mL",39892,41,"NEIVA",41001,"Municipio","HUILA",31927,1.249475365677953
"HUILA","41","01003-14110","FENOBARBITAL 50 mg Tabletas","Caja x 30 unidades",14700,41,"NEIVA",41001,"Municipio","HUILA",11310,1.29973474801061
"HUILA","41","01004-14111","FENOBARBITAL 100 mg Tabletas","Caja x 30 unidades",5010,41,"NEIVA",41001,"Municipio","HUILA",4247,1.1796562279255944
"HUILA","41","01005-13616","FENOBARBITAL SÓDICO 40 mg/mL","Caja x 10 unidades",44420,41,"NEIVA",41001,"Municipio","HUILA",36594,1.2138601956604909
"HUILA","41","01006-13617","FENOBARBITAL SÓDICO 200 mg/mL","Caja x 10 unidades",94180,41,"NEIVA",41001,"Municipio","HUILA",72444,1.3000386505438684
"HUILA","41","01007-006982","HIDROMORFONA HCl 2.5 mg","Caja x 20 unidades",11560,41,"NEIVA",41001,"Municipio","HUILA",9129,1.266294227188082
"HUILA","41","01009-13618","HIDROMORFONA HCl 2 mg/mL","Caja x 10 unidades",17790,41,"NEIVA",41001,"Municipio","HUILA",14472,1.2292703150912105
"HUILA","41","01010-13615","MEPERIDINA HCL 100 mg/2 mL","Caja x 10 unidades",26000,41,"NEIVA",41001,"Municipio","HUILA",25131,1.0345788070510524
"HUILA","41","01011-1-003842","METADONA HCl 10 mg","Frasco x 20 Tabletas",80320,41,"NEIVA",41001,"Municipio","HUILA",62467,1.285798901820161
"HUILA","41","01012-0019007","METADONA HCl 40 mg","Caja x 30 Tabletas",242520,41,"NEIVA",41001,"Municipio","HUILA",55832,4.343745522281129
"HUILA","41","01014-0001886","METILFENIDATO HCl 18 mg","Caja x 30 Tabletas",145620,41,"NEIVA",41001,"Municipio","HUILA",181249,0.8034251223455026
"HUILA","41","01016-006983","MORFINA SOLUCION 3% solución oral","Frasco x 30 mL",28815,41,"NEIVA",41001,"Municipio","HUILA",25674,1.1223416686141623
"HUILA","41","01017-0010453","MORFINA HCL 10 mg/Ml","Caja x 10 unidades",17800,41,"NEIVA",41001,"Municipio","HUILA",13705,1.298796059832178
"HUILA","41","01018-1-0019329","PRIMIDONA 250 mg","Caja x 30 Tabletas",40110,41,"NEIVA",41001,"Municipio","HUILA",27942,1.435473480781619
"LA GUAJIRA","44","01001-0014108","FENOBARBITAL 0,4% Sln Oral","Frasco x 120 mL",34000,44,"RIOHACHA",44001,"Municipio","LA GUAJIRA",31927,1.064929370125599
"LA GUAJIRA","44","01003-14110","FENOBARBITAL 50 mg Tabletas","Caja x 30 unidades",15000,44,"RIOHACHA",44001,"Municipio","LA GUAJIRA",11310,1.3262599469496021
"LA GUAJIRA","44","01004-14111","FENOBARBITAL 100 mg Tabletas","Caja x 30 unidades",5100,44,"RIOHACHA",44001,"Municipio","LA GUAJIRA",4247,1.2008476571697668
"LA GUAJIRA","44","01005-13616","FENOBARBITAL SÓDICO 40 mg/mL","Caja x 10 unidades",45000,44,"RIOHACHA",44001,"Municipio","LA GUAJIRA",36594,1.2297097884899164
"LA GUAJIRA","44","01006-13617","FENOBARBITAL SÓDICO 200 mg/mL","Caja x 10 unidades",95000,44,"RIOHACHA",44001,"Municipio","LA GUAJIRA",72444,1.311357738391033
"LA GUAJIRA","44","01007-006982","HIDROMORFONA HCl 2.5 mg","Caja x 20 unidades",15000,44,"RIOHACHA",44001,"Municipio","LA GUAJIRA",9129,1.643115346697338
"LA GUAJIRA","44","01010-13615","MEPERIDINA HCL 100 mg/2 mL","Caja x 10 unidades",27000,44,"RIOHACHA",44001,"Municipio","LA GUAJIRA",25131,1.0743702996299391
"LA GUAJIRA","44","01011-0019006","METADONA HCl 10 mg","Caja x 30 Tabletas",39000,44,"RIOHACHA",44001,"Municipio","LA GUAJIRA",28213,1.382341473788679
"LA GUAJIRA","44","01013-011789","METILFENIDATO 10 mg","Caja x 30 Tabletas",30000,44,"RIOHACHA",44001,"Municipio","LA GUAJIRA",23687,1.2665174990501118
"LA GUAJIRA","44","01016-006983","MORFINA SOLUCION 3% solución oral","Frasco x 30 mL",28850,44,"RIOHACHA",44001,"Municipio","LA GUAJIRA",25674,1.1237049154786944
"LA GUAJIRA","44","01018-1-0019329","PRIMIDONA 250 mg","Caja x 30 Tabletas",70000,44,"RIOHACHA",44001,"Municipio","LA GUAJIRA",27942,2.50518932073581
"LA GUAJIRA","44","01018-MVNDP","PRIMIDONA 250 mg","Caja x 50 Tabletas",70000,44,"RIOHACHA",44001,"Municipio","LA GUAJIRA",51732,1.353127657929328
"MAGDALENA","47","01004-14111","FENOBARBITAL 100 mg Tabletas","Caja x 30 unidades",4500,47,"SANTA MARTA",47001,"Municipio","MAGDALENA",4247,1.0595714622086179
"MAGDALENA","47","01012-1-003841","METADONA HCl 40 mg","Frasco x 20 Tabletas",161670,47,"SANTA MARTA",47001,"Municipio","MAGDALENA",136690,1.1827492867071476
"NARIÑO","52","01001-0014108","FENOBARBITAL 0,4% Sln Oral","Frasco x 120 mL",36300,NA,NA,NA,NA,"NARIÑO",31927,1.1369687098693895
"NARIÑO","52","01003-14110","FENOBARBITAL 50 mg Tabletas","Caja x 30 unidades",13500,NA,NA,NA,NA,"NARIÑO",11310,1.193633952254642
"NARIÑO","52","01004-14111","FENOBARBITAL 100 mg Tabletas","Caja x 30 unidades",4650,NA,NA,NA,NA,"NARIÑO",4247,1.094890510948905
"NARIÑO","52","01005-13616","FENOBARBITAL SÓDICO 40 mg/mL","Caja x 10 unidades",40500,NA,NA,NA,NA,"NARIÑO",36594,1.1067388096409247
"NARIÑO","52","01006-13617","FENOBARBITAL SÓDICO 200 mg/mL","Caja x 10 unidades",85500,NA,NA,NA,NA,"NARIÑO",72444,1.1802219645519298
"NARIÑO","52","01007-006982","HIDROMORFONA HCl 2.5 mg","Caja x 20 unidades",10500,NA,NA,NA,NA,"NARIÑO",9129,1.1501807426881367
"NARIÑO","52","01009-13618","HIDROMORFONA HCl 2 mg/mL","Caja x 10 unidades",16500,NA,NA,NA,NA,"NARIÑO",14472,1.1401326699834162
"NARIÑO","52","01010-13615","MEPERIDINA HCL 100 mg/2 mL","Caja x 10 unidades",24500,NA,NA,NA,NA,"NARIÑO",25131,0.9748915681827225
"NARIÑO","52","01011-1-003842","METADONA HCl 10 mg","Frasco x 20 Tabletas",72900,NA,NA,NA,NA,"NARIÑO",62467,1.16701618454544
"NARIÑO","52","01013-011789","METILFENIDATO 10 mg","Caja x 30 Tabletas",28000,NA,NA,NA,NA,"NARIÑO",23687,1.1820829991134378
"NARIÑO","52","01014-0001886","METILFENIDATO HCl 18 mg","Caja x 30 Tabletas",405000,NA,NA,NA,NA,"NARIÑO",181249,2.234495086869445
"NARIÑO","52","01016-006983","MORFINA SOLUCION 3% solución oral","Frasco x 30 mL",30300,NA,NA,NA,NA,"NARIÑO",25674,1.1801822855807431
"NARIÑO","52","01017-0010453","MORFINA HCL 10 mg/Ml","Caja x 10 unidades",16500,NA,NA,NA,NA,"NARIÑO",13705,1.2039401678219628
"NARIÑO","52","01018-1-0019329","PRIMIDONA 250 mg","Caja x 30 Tabletas",33000,NA,NA,NA,NA,"NARIÑO",27942,1.181017822632596
"NARIÑO","52","01018-MVNDP","PRIMIDONA 250 mg","Caja x 50 Tabletas",61000,NA,NA,NA,NA,"NARIÑO",51732,1.179154101909843
"NORTE DE SANTANDER","54","01001-0014108","FENOBARBITAL 0,4% Sln Oral","Frasco x 120 mL",38400,54,"SAN JOSÉ DE CÚCUTA",54001,"Municipio","NORTE DE SANTANDER",31927,1.2027437592006764
"NORTE DE SANTANDER","54","01003-14110","FENOBARBITAL 50 mg Tabletas","Caja x 30 unidades",14200,54,"SAN JOSÉ DE CÚCUTA",54001,"Municipio","NORTE DE SANTANDER",11310,1.25552608311229
"NORTE DE SANTANDER","54","01004-14111","FENOBARBITAL 100 mg Tabletas","Caja x 30 unidades",5300,54,"SAN JOSÉ DE CÚCUTA",54001,"Municipio","NORTE DE SANTANDER",4247,1.2479397221568165
"NORTE DE SANTANDER","54","01005-13616","FENOBARBITAL SÓDICO 40 mg/mL","Caja x 10 unidades",42700,54,"SAN JOSÉ DE CÚCUTA",54001,"Municipio","NORTE DE SANTANDER",36594,1.1668579548559874
"NORTE DE SANTANDER","54","01006-13617","FENOBARBITAL SÓDICO 200 mg/mL","Caja x 10 unidades",91000,54,"SAN JOSÉ DE CÚCUTA",54001,"Municipio","NORTE DE SANTANDER",72444,1.256142675721937
"NORTE DE SANTANDER","54","01007-006982","HIDROMORFONA HCl 2.5 mg","Caja x 20 unidades",11200,54,"SAN JOSÉ DE CÚCUTA",54001,"Municipio","NORTE DE SANTANDER",9129,1.2268594588673458
"NORTE DE SANTANDER","54","01009-13618","HIDROMORFONA HCl 2 mg/mL","Caja x 10 unidades",17200,54,"SAN JOSÉ DE CÚCUTA",54001,"Municipio","NORTE DE SANTANDER",14472,1.1885019347705914
"NORTE DE SANTANDER","54","01010-13615","MEPERIDINA HCL 100 mg/2 mL","Caja x 10 unidades",26000,54,"SAN JOSÉ DE CÚCUTA",54001,"Municipio","NORTE DE SANTANDER",25131,1.0345788070510524
"NORTE DE SANTANDER","54","01011-0019006","METADONA HCl 10 mg","Caja x 30 Tabletas",35300,54,"SAN JOSÉ DE CÚCUTA",54001,"Municipio","NORTE DE SANTANDER",28213,1.251196257044625
"NORTE DE SANTANDER","54","01011-1-003842","METADONA HCl 10 mg","Frasco x 20 Tabletas",77300,54,"SAN JOSÉ DE CÚCUTA",54001,"Municipio","NORTE DE SANTANDER",62467,1.237453375382202
"NORTE DE SANTANDER","54","01012-0019007","METADONA HCl 40 mg","Caja x 30 Tabletas",70000,54,"SAN JOSÉ DE CÚCUTA",54001,"Municipio","NORTE DE SANTANDER",55832,1.2537612838515546
"NORTE DE SANTANDER","54","01012-1-003841","METADONA HCl 40 mg","Frasco x 20 Tabletas",169000,54,"SAN JOSÉ DE CÚCUTA",54001,"Municipio","NORTE DE SANTANDER",136690,1.2363742775623674
"NORTE DE SANTANDER","54","01014-0001886","METILFENIDATO HCl 18 mg","Caja x 30 Tabletas",200800,54,"SAN JOSÉ DE CÚCUTA",54001,"Municipio","NORTE DE SANTANDER",181249,1.1078681813416902
"NORTE DE SANTANDER","54","01015-0001908","METILFENIDATO HCl 36 mg","Caja x 30 Tabletas",401700,54,"SAN JOSÉ DE CÚCUTA",54001,"Municipio","NORTE DE SANTANDER",349448,1.1495272544126738
"NORTE DE SANTANDER","54","01016-006983","MORFINA SOLUCION 3% solución oral","Frasco x 30 mL",32100,54,"SAN JOSÉ DE CÚCUTA",54001,"Municipio","NORTE DE SANTANDER",25674,1.250292124328114
"NORTE DE SANTANDER","54","01017-0010453","MORFINA HCL 10 mg/Ml","Caja x 10 unidades",17500,54,"SAN JOSÉ DE CÚCUTA",54001,"Municipio","NORTE DE SANTANDER",13705,1.2769062385990515
"NORTE DE SANTANDER","54","01018-1-0019329","PRIMIDONA 250 mg","Caja x 30 Tabletas",35000,54,"SAN JOSÉ DE CÚCUTA",54001,"Municipio","NORTE DE SANTANDER",27942,1.252594660367905
"NORTE DE SANTANDER","54","01019-0016853","HIDRATO CLORAL 10% Sln Oral","Frasco x 30 mL",118500,54,"SAN JOSÉ DE CÚCUTA",54001,"Municipio","NORTE DE SANTANDER",94805,1.2499340752070038
"PUTUMAYO","86","01001-0014108","FENOBARBITAL 0,4% Sln Oral","Frasco x 120 mL",39800,86,"MOCOA",86001,"Municipio","PUTUMAYO",31927,1.2465937920882013
"PUTUMAYO","86","01004-14111","FENOBARBITAL 100 mg Tabletas","Caja x 30 unidades",5000,86,"MOCOA",86001,"Municipio","PUTUMAYO",4247,1.177301624676242
"PUTUMAYO","86","01005-13616","FENOBARBITAL SÓDICO 40 mg/mL","Caja x 10 unidades",44400,86,"MOCOA",86001,"Municipio","PUTUMAYO",36594,1.2133136579767174
"PUTUMAYO","86","01006-13617","FENOBARBITAL SÓDICO 200 mg/mL","Caja x 10 unidades",94100,86,"MOCOA",86001,"Municipio","PUTUMAYO",72444,1.2989343492904863
"PUTUMAYO","86","01010-13615","MEPERIDINA HCL 100 mg/2 mL","Caja x 10 unidades",26700,86,"MOCOA",86001,"Municipio","PUTUMAYO",25131,1.0624328518562731
"PUTUMAYO","86","01013-011789","METILFENIDATO 10 mg","Caja x 30 Tabletas",30700,86,"MOCOA",86001,"Municipio","PUTUMAYO",23687,1.2960695740279478
"PUTUMAYO","86","01016-006983","MORFINA SOLUCION 3% solución oral","Frasco x 30 mL",28800,86,"MOCOA",86001,"Municipio","PUTUMAYO",25674,1.121757419957934
"PUTUMAYO","86","01017-0010453","MORFINA HCL 10 mg/Ml","Caja x 10 unidades",17800,86,"MOCOA",86001,"Municipio","PUTUMAYO",13705,1.298796059832178
"QUINDÍO","63","01001-0014108","FENOBARBITAL 0,4% Sln Oral","Frasco x 120 mL",36800,63,"ARMENIA",63001,"Municipio","QUINDIO",31927,1.1526294359006484
"QUINDÍO","63","01002-14109","FENOBARBITAL 10 mg Tabletas","Caja x 30 unidades",18400,63,"ARMENIA",63001,"Municipio","QUINDIO",15657,1.1751932043175577
"QUINDÍO","63","01003-14110","FENOBARBITAL 50 mg Tabletas","Caja x 30 unidades",13572,63,"ARMENIA",63001,"Municipio","QUINDIO",11310,1.2
"QUINDÍO","63","01004-14111","FENOBARBITAL 100 mg Tabletas","Caja x 30 unidades",4815,63,"ARMENIA",63001,"Municipio","QUINDIO",4247,1.1337414645632211
"QUINDÍO","63","01005-13616","FENOBARBITAL SÓDICO 40 mg/mL","Caja x 10 unidades",41000,63,"ARMENIA",63001,"Municipio","QUINDIO",36594,1.1204022517352572
"QUINDÍO","63","01006-13617","FENOBARBITAL SÓDICO 200 mg/mL","Caja x 10 unidades",81670,63,"ARMENIA",63001,"Municipio","QUINDIO",72444,1.1273535420462701
"QUINDÍO","63","01007-006982","HIDROMORFONA HCl 2.5 mg","Caja x 20 unidades",10671,63,"ARMENIA",63001,"Municipio","QUINDIO",9129,1.1689122576404865
"QUINDÍO","63","01010-13615","MEPERIDINA HCL 100 mg/2 mL","Caja x 10 unidades",24600,63,"ARMENIA",63001,"Municipio","QUINDIO",25131,0.9788707174406112
"QUINDÍO","63","01012-1-003841","METADONA HCl 40 mg","Frasco x 20 Tabletas",160000,63,"ARMENIA",63001,"Municipio","QUINDIO",136690,1.1705318604140758
"QUINDÍO","63","01014-0001886","METILFENIDATO HCl 18 mg","Caja x 30 Tabletas",196500,63,"ARMENIA",63001,"Municipio","QUINDIO",181249,1.084143912518138
"QUINDÍO","63","01015-0001908","METILFENIDATO HCl 36 mg","Caja x 30 Tabletas",375300,63,"ARMENIA",63001,"Municipio","QUINDIO",349448,1.07397953343559
"QUINDÍO","63","01016-006983","MORFINA SOLUCION 3% solución oral","Frasco x 30 mL",30700,63,"ARMENIA",63001,"Municipio","QUINDIO",25674,1.1957622497468257
"QUINDÍO","63","01017-0010453","MORFINA HCL 10 mg/Ml","Caja x 10 unidades",16400,63,"ARMENIA",63001,"Municipio","QUINDIO",13705,1.1966435607442538
"QUINDÍO","63","01018-1-0019329","PRIMIDONA 250 mg","Caja x 30 Tabletas",33510,63,"ARMENIA",63001,"Municipio","QUINDIO",27942,1.1992699162551
"SANTANDER","68","01001-0014108","FENOBARBITAL 0,4% Sln Oral","Frasco x 120 mL",36823.2,68,"BUCARAMANGA",68001,"Municipio","SANTANDER",31927,1.1533560935884988
"SANTANDER","68","01002-14109","FENOBARBITAL 10 mg Tabletas","Caja x 30 unidades",18788.4,68,"BUCARAMANGA",68001,"Municipio","SANTANDER",15657,1.2000000000000002
"SANTANDER","68","01003-14110","FENOBARBITAL 50 mg Tabletas","Caja x 30 unidades",13572,68,"BUCARAMANGA",68001,"Municipio","SANTANDER",11310,1.2
"SANTANDER","68","01004-14111","FENOBARBITAL 100 mg Tabletas","Caja x 30 unidades",4617.6,68,"BUCARAMANGA",68001,"Municipio","SANTANDER",4247,1.087261596421003
"SANTANDER","68","01005-13616","FENOBARBITAL SÓDICO 40 mg/mL","Caja x 10 unidades",41006.4,68,"BUCARAMANGA",68001,"Municipio","SANTANDER",36594,1.1205771437940646
"SANTANDER","68","01006-13617","FENOBARBITAL SÓDICO 200 mg/mL","Caja x 10 unidades",56503.2,68,"BUCARAMANGA",68001,"Municipio","SANTANDER",72444,0.7799569322511181
"SANTANDER","68","01007-006982","HIDROMORFONA HCl 2.5 mg","Caja x 20 unidades",10671.6,68,"BUCARAMANGA",68001,"Municipio","SANTANDER",9129,1.1689779822543542
"SANTANDER","68","01010-13615","MEPERIDINA HCL 100 mg/2 mL","Caja x 10 unidades",24697.199999999997,68,"BUCARAMANGA",68001,"Municipio","SANTANDER",25131,0.9827384505192789
"SANTANDER","68","01011-0019006","METADONA HCl 10 mg","Caja x 30 Tabletas",33855.6,68,"BUCARAMANGA",68001,"Municipio","SANTANDER",28213,1.2
"SANTANDER","68","01012-0019007","METADONA HCl 40 mg","Caja x 30 Tabletas",66998.4,68,"BUCARAMANGA",68001,"Municipio","SANTANDER",55832,1.2
"SANTANDER","68","01012-1-003841","METADONA HCl 40 mg","Frasco x 20 Tabletas",162231.6,68,"BUCARAMANGA",68001,"Municipio","SANTANDER",136690,1.186857853537201
"SANTANDER","68","01013-011789","METILFENIDATO 10 mg","Caja x 30 Tabletas",28424.4,68,"BUCARAMANGA",68001,"Municipio","SANTANDER",23687,1.2
"SANTANDER","68","01014-0001886","METILFENIDATO HCl 18 mg","Caja x 30 Tabletas",411924,68,"BUCARAMANGA",68001,"Municipio","SANTANDER",181249,2.272696676947183
"SANTANDER","68","01016-006983","MORFINA SOLUCION 3% solución oral","Frasco x 30 mL",26598,68,"BUCARAMANGA",68001,"Municipio","SANTANDER",25674,1.0359897172236503
"SANTANDER","68","01017-0010453","MORFINA HCL 10 mg/Ml","Caja x 10 unidades",16446,68,"BUCARAMANGA",68001,"Municipio","SANTANDER",13705,1.2
"SANTANDER","68","01018-1-0019329","PRIMIDONA 250 mg","Caja x 30 Tabletas",33530.4,68,"BUCARAMANGA",68001,"Municipio","SANTANDER",27942,1.2
"SANTANDER","68","01020-0010453","MORFINA HCL 50 mg/5Ml","Caja x 10 unidades",29028,68,"BUCARAMANGA",68001,"Municipio","SANTANDER",24190,1.2
"SUCRE","70","01001-0014108","FENOBARBITAL 0,4% Sln Oral","Frasco x 120 mL",34000,70,"SINCELEJO",70001,"Municipio","SUCRE",31927,1.064929370125599
"SUCRE","70","01002-14109","FENOBARBITAL 10 mg Tabletas","Caja x 30 unidades",20000,70,"SINCELEJO",70001,"Municipio","SUCRE",15657,1.2773839177364756
"SUCRE","70","01003-14110","FENOBARBITAL 50 mg Tabletas","Caja x 30 unidades",17000,70,"SINCELEJO",70001,"Municipio","SUCRE",11310,1.5030946065428823
"SUCRE","70","01004-14111","FENOBARBITAL 100 mg Tabletas","Caja x 30 unidades",5500,70,"SINCELEJO",70001,"Municipio","SUCRE",4247,1.2950317871438664
"SUCRE","70","01006-13617","FENOBARBITAL SÓDICO 200 mg/mL","Caja x 10 unidades",84000,70,"SINCELEJO",70001,"Municipio","SUCRE",72444,1.1595163160510187
"SUCRE","70","01007-006982","HIDROMORFONA HCl 2.5 mg","Caja x 20 unidades",13000,70,"SINCELEJO",70001,"Municipio","SUCRE",9129,1.4240333004710264
"SUCRE","70","01009-13618","HIDROMORFONA HCl 2 mg/mL","Caja x 10 unidades",25000,70,"SINCELEJO",70001,"Municipio","SUCRE",14472,1.7274737423991156
"SUCRE","70","01010-13615","MEPERIDINA HCL 100 mg/2 mL","Caja x 10 unidades",30000,70,"SINCELEJO",70001,"Municipio","SUCRE",25131,1.193744777366599
"SUCRE","70","01011-0019006","METADONA HCl 10 mg","Caja x 30 Tabletas",36000,70,"SINCELEJO",70001,"Municipio","SUCRE",28213,1.2760075142664729
"SUCRE","70","01011-1-003842","METADONA HCl 10 mg","Frasco x 20 Tabletas",85000,70,"SINCELEJO",70001,"Municipio","SUCRE",62467,1.360718459346535
"SUCRE","70","01013-011789","METILFENIDATO 10 mg","Caja x 30 Tabletas",36000,70,"SINCELEJO",70001,"Municipio","SUCRE",23687,1.5198209988601343
"SUCRE","70","01014-0001886","METILFENIDATO HCl 18 mg","Caja x 30 Tabletas",227000,70,"SINCELEJO",70001,"Municipio","SUCRE",181249,1.2524207030107752
"SUCRE","70","01016-006983","MORFINA SOLUCION 3% solución oral","Frasco x 30 mL",31000,70,"SINCELEJO",70001,"Municipio","SUCRE",25674,1.2074472228713875
"SUCRE","70","01017-0010453","MORFINA HCL 10 mg/Ml","Caja x 10 unidades",25000,70,"SINCELEJO",70001,"Municipio","SUCRE",13705,1.8241517694272162
"SUCRE","70","01018-1-0019329","PRIMIDONA 250 mg","Caja x 30 Tabletas",62000,70,"SINCELEJO",70001,"Municipio","SUCRE",27942,2.2188819697945745
"TOLIMA","73","01001-0014108","FENOBARBITAL 0,4% Sln Oral","Frasco x 120 mL",33800,73,"IBAGUÉ",73001,"Municipio","TOLIMA",31927,1.0586650797130954
"TOLIMA","73","01002-14109","FENOBARBITAL 10 mg Tabletas","Caja x 30 unidades",18300,73,"IBAGUÉ",73001,"Municipio","TOLIMA",15657,1.1688062847288752
"TOLIMA","73","01003-14110","FENOBARBITAL 50 mg Tabletas","Caja x 30 unidades",14800,73,"IBAGUÉ",73001,"Municipio","TOLIMA",11310,1.308576480990274
"TOLIMA","73","01004-14111","FENOBARBITAL 100 mg Tabletas","Caja x 30 unidades",4600,73,"IBAGUÉ",73001,"Municipio","TOLIMA",4247,1.0831174947021427
"TOLIMA","73","01005-13616","FENOBARBITAL SÓDICO 40 mg/mL","Caja x 10 unidades",38800,73,"IBAGUÉ",73001,"Municipio","TOLIMA",36594,1.0602831065201945
"TOLIMA","73","01006-13617","FENOBARBITAL SÓDICO 200 mg/mL","Caja x 10 unidades",81137,73,"IBAGUÉ",73001,"Municipio","TOLIMA",72444,1.1199961349456131
"TOLIMA","73","01007-006982","HIDROMORFONA HCl 2.5 mg","Caja x 20 unidades",12000,73,"IBAGUÉ",73001,"Municipio","TOLIMA",9129,1.3144922773578704
"TOLIMA","73","01009-13618","HIDROMORFONA HCl 2 mg/mL","Caja x 10 unidades",17000,73,"IBAGUÉ",73001,"Municipio","TOLIMA",14472,1.1746821448313987
"TOLIMA","73","01010-13615","MEPERIDINA HCL 100 mg/2 mL","Caja x 10 unidades",25500,73,"IBAGUÉ",73001,"Municipio","TOLIMA",25131,1.014683060761609
"TOLIMA","73","01011-1-003842","METADONA HCl 10 mg","Frasco x 20 Tabletas",63000,73,"IBAGUÉ",73001,"Municipio","TOLIMA",62467,1.0085325051627259
"TOLIMA","73","01012-1-003841","METADONA HCl 40 mg","Frasco x 20 Tabletas",156000,73,"IBAGUÉ",73001,"Municipio","TOLIMA",136690,1.1412685639037237
"TOLIMA","73","01013-011789","METILFENIDATO 10 mg","Caja x 30 Tabletas",28000,73,"IBAGUÉ",73001,"Municipio","TOLIMA",23687,1.1820829991134378
"TOLIMA","73","01014-0001886","METILFENIDATO HCl 18 mg","Caja x 30 Tabletas",193000,73,"IBAGUÉ",73001,"Municipio","TOLIMA",181249,1.0648334611501304
"TOLIMA","73","01015-0001908","METILFENIDATO HCl 36 mg","Caja x 30 Tabletas",380000,73,"IBAGUÉ",73001,"Municipio","TOLIMA",349448,1.087429317094389
"TOLIMA","73","01016-006983","MORFINA SOLUCION 3% solución oral","Frasco x 30 mL",28000,73,"IBAGUÉ",73001,"Municipio","TOLIMA",25674,1.0905974916257692
"TOLIMA","73","01017-0010453","MORFINA HCL 10 mg/Ml","Caja x 10 unidades",17000,73,"IBAGUÉ",73001,"Municipio","TOLIMA",13705,1.2404232032105071
"TOLIMA","73","01018-1-0019329","PRIMIDONA 250 mg","Caja x 30 Tabletas",56000,73,"IBAGUÉ",73001,"Municipio","TOLIMA",27942,2.004151456588648
"VALLE DEL CAUCA","76","01001-0014108","FENOBARBITAL 0,4% Sln Oral","Frasco x 120 mL",32220,76,"CALI",76001,"Municipio","VALLE DEL CAUCA",31927,1.0091771854543177
"VALLE DEL CAUCA","76","01002-14109","FENOBARBITAL 10 mg Tabletas","Caja x 30 unidades",16440,76,"CALI",76001,"Municipio","VALLE DEL CAUCA",15657,1.050009580379383
"VALLE DEL CAUCA","76","01003-14110","FENOBARBITAL 50 mg Tabletas","Caja x 30 unidades",11876,76,"CALI",76001,"Municipio","VALLE DEL CAUCA",11310,1.0500442086648982
"VALLE DEL CAUCA","76","01004-14111","FENOBARBITAL 100 mg Tabletas","Caja x 30 unidades",4459,76,"CALI",76001,"Municipio","VALLE DEL CAUCA",4247,1.0499175888862726
"VALLE DEL CAUCA","76","01005-13616","FENOBARBITAL SÓDICO 40 mg/mL","Caja x 10 unidades",38424,76,"CALI",76001,"Municipio","VALLE DEL CAUCA",36594,1.0500081980652567
"VALLE DEL CAUCA","76","01006-13617","FENOBARBITAL SÓDICO 200 mg/mL","Caja x 10 unidades",76066,76,"CALI",76001,"Municipio","VALLE DEL CAUCA",72444,1.0499972392468666
"VALLE DEL CAUCA","76","01007-006982","HIDROMORFONA HCl 2.5 mg","Caja x 20 unidades",9338,76,"CALI",76001,"Municipio","VALLE DEL CAUCA",9129,1.0228940738306496
"VALLE DEL CAUCA","76","01009-13618","HIDROMORFONA HCl 2 mg/mL","Caja x 10 unidades",14372,76,"CALI",76001,"Municipio","VALLE DEL CAUCA",14472,0.9930901050304035
"VALLE DEL CAUCA","76","01010-13615","MEPERIDINA HCL 100 mg/2 mL","Caja x 10 unidades",24979,76,"CALI",76001,"Municipio","VALLE DEL CAUCA",25131,0.9939516931280092
"VALLE DEL CAUCA","76","01011-0019006","METADONA HCl 10 mg","Caja x 30 Tabletas",29624,76,"CALI",76001,"Municipio","VALLE DEL CAUCA",28213,1.0500124056286109
"VALLE DEL CAUCA","76","01012-1-003841","METADONA HCl 40 mg","Frasco x 20 Tabletas",141953,76,"CALI",76001,"Municipio","VALLE DEL CAUCA",136690,1.0385031823834956
"VALLE DEL CAUCA","76","01013-011789","METILFENIDATO 10 mg","Caja x 30 Tabletas",15561,76,"CALI",76001,"Municipio","VALLE DEL CAUCA",23687,0.656942626757293
"VALLE DEL CAUCA","76","01014-0001886","METILFENIDATO HCl 18 mg","Caja x 30 Tabletas",190311,76,"CALI",76001,"Municipio","VALLE DEL CAUCA",181249,1.0499975172276812
"VALLE DEL CAUCA","76","01015-0001908","METILFENIDATO HCl 36 mg","Caja x 30 Tabletas",366920,76,"CALI",76001,"Municipio","VALLE DEL CAUCA",349448,1.049998855337561
"VALLE DEL CAUCA","76","01016-006983","MORFINA SOLUCION 3% solución oral","Frasco x 30 mL",26958,76,"CALI",76001,"Municipio","VALLE DEL CAUCA",25674,1.0500116849731245
"VALLE DEL CAUCA","76","01017-0010453","MORFINA HCL 10 mg/Ml","Caja x 10 unidades",14390,76,"CALI",76001,"Municipio","VALLE DEL CAUCA",13705,1.0499817584823057
"VALLE DEL CAUCA","76","01018-1-0019329","PRIMIDONA 250 mg","Caja x 30 Tabletas",29339,76,"CALI",76001,"Municipio","VALLE DEL CAUCA",27942,1.0499964211581132
"BOGOTÁ D.C","11","01001-0014108","FENOBARBITAL 0,4% Sln Oral","Frasco x 120 mL",31927,11,"BOGOTÁ D.C.",11001,"Municipio","SANTAFE DE BOGOTA D.C",31927,1
"BOGOTÁ D.C","11","01002-14109","FENOBARBITAL 10 mg Tabletas","Caja x 30 unidades",15657,11,"BOGOTÁ D.C.",11001,"Municipio","SANTAFE DE BOGOTA D.C",15657,1
"BOGOTÁ D.C","11","01003-14110","FENOBARBITAL 50 mg Tabletas","Caja x 30 unidades",11310,11,"BOGOTÁ D.C.",11001,"Municipio","SANTAFE DE BOGOTA D.C",11310,1
"BOGOTÁ D.C","11","01004-14111","FENOBARBITAL 100 mg Tabletas","Caja x 30 unidades",4247,11,"BOGOTÁ D.C.",11001,"Municipio","SANTAFE DE BOGOTA D.C",4247,1
"BOGOTÁ D.C","11","01005-13616","FENOBARBITAL SÓDICO 40 mg/mL","Caja x 10 unidades",36594,11,"BOGOTÁ D.C.",11001,"Municipio","SANTAFE DE BOGOTA D.C",36594,1
"BOGOTÁ D.C","11","01006-13617","FENOBARBITAL SÓDICO 200 mg/mL","Caja x 10 unidades",72444,11,"BOGOTÁ D.C.",11001,"Municipio","SANTAFE DE BOGOTA D.C",72444,1
"BOGOTÁ D.C","11","01009-13618","HIDROMORFONA HCl 2 mg/mL","Caja x 10 unidades",14472,11,"BOGOTÁ D.C.",11001,"Municipio","SANTAFE DE BOGOTA D.C",14472,1
"BOGOTÁ D.C","11","01007-006982","HIDROMORFONA HCl 2.5 mg","Caja x 20 unidades",9129,11,"BOGOTÁ D.C.",11001,"Municipio","SANTAFE DE BOGOTA D.C",9129,1
"BOGOTÁ D.C","11","01010-13615","MEPERIDINA HCL 100 mg/2 mL","Caja x 10 unidades",25131,11,"BOGOTÁ D.C.",11001,"Municipio","SANTAFE DE BOGOTA D.C",25131,1
"BOGOTÁ D.C","11","01017-0010453","MORFINA HCL 10 mg/Ml","Caja x 10 unidades",13705,11,"BOGOTÁ D.C.",11001,"Municipio","SANTAFE DE BOGOTA D.C",13705,1
"BOGOTÁ D.C","11","01016-006983","MORFINA SOLUCION 3% solución oral","Frasco x 30 mL",25674,11,"BOGOTÁ D.C.",11001,"Municipio","SANTAFE DE BOGOTA D.C",25674,1
"BOGOTÁ D.C","11","01018-MVNDP","PRIMIDONA 250 mg","Caja x 50 Tabletas",51732,11,"BOGOTÁ D.C.",11001,"Municipio","SANTAFE DE BOGOTA D.C",51732,1
"BOGOTÁ D.C","11","01018-1-0019329","PRIMIDONA 250 mg","Caja x 30 Tabletas",27942,11,"BOGOTÁ D.C.",11001,"Municipio","SANTAFE DE BOGOTA D.C",27942,1
"BOGOTÁ D.C","11","01011-1-003842","METADONA HCl 10 mg","Frasco x 20 Tabletas",62467,11,"BOGOTÁ D.C.",11001,"Municipio","SANTAFE DE BOGOTA D.C",62467,1
"BOGOTÁ D.C","11","01011-0019006","METADONA HCl 10 mg","Caja x 30 Tabletas",28213,11,"BOGOTÁ D.C.",11001,"Municipio","SANTAFE DE BOGOTA D.C",28213,1
"BOGOTÁ D.C","11","01012-1-003841","METADONA HCl 40 mg","Frasco x 20 Tabletas",136690,11,"BOGOTÁ D.C.",11001,"Municipio","SANTAFE DE BOGOTA D.C",136690,1
"BOGOTÁ D.C","11","01012-0019007","METADONA HCl 40 mg","Caja x 30 Tabletas",55832,11,"BOGOTÁ D.C.",11001,"Municipio","SANTAFE DE BOGOTA D.C",55832,1
"BOGOTÁ D.C","11","01013-011789","METILFENIDATO 10 mg","Caja x 30 Tabletas",23687,11,"BOGOTÁ D.C.",11001,"Municipio","SANTAFE DE BOGOTA D.C",23687,1
"BOGOTÁ D.C","11","01014-0001886","METILFENIDATO HCl 18 mg","Caja x 30 Tabletas",181249,11,"BOGOTÁ D.C.",11001,"Municipio","SANTAFE DE BOGOTA D.C",181249,1
"BOGOTÁ D.C","11","01015-0001908","METILFENIDATO HCl 36 mg","Caja x 30 Tabletas",349448,11,"BOGOTÁ D.C.",11001,"Municipio","SANTAFE DE BOGOTA D.C",349448,1
"BOGOTÁ D.C","11","01019-0016853","HIDRATO CLORAL 10% Sln Oral","Frasco x 30 mL",94805,11,"BOGOTÁ D.C.",11001,"Municipio","SANTAFE DE BOGOTA D.C",94805,1
"BOGOTÁ D.C","11","01020-0010453","MORFINA HCL 50 mg/5Ml","Caja x 10 unidades",24190,11,"BOGOTÁ D.C.",11001,"Municipio","SANTAFE DE BOGOTA D.C",24190,1
"CUNDINAMARCA","25","01001-0014108","FENOBARBITAL 0,4% Sln Oral","Frasco x 120 mL",31927,25,"AGUA DE DIOS",25001,"Municipio","CUNDINAMARCA",31927,1
"CUNDINAMARCA","25","01002-14109","FENOBARBITAL 10 mg Tabletas","Caja x 30 unidades",15657,25,"AGUA DE DIOS",25001,"Municipio","CUNDINAMARCA",15657,1
"CUNDINAMARCA","25","01003-14110","FENOBARBITAL 50 mg Tabletas","Caja x 30 unidades",11310,25,"AGUA DE DIOS",25001,"Municipio","CUNDINAMARCA",11310,1
"CUNDINAMARCA","25","01004-14111","FENOBARBITAL 100 mg Tabletas","Caja x 30 unidades",4247,25,"AGUA DE DIOS",25001,"Municipio","CUNDINAMARCA",4247,1
"CUNDINAMARCA","25","01005-13616","FENOBARBITAL SÓDICO 40 mg/mL","Caja x 10 unidades",36594,25,"AGUA DE DIOS",25001,"Municipio","CUNDINAMARCA",36594,1
"CUNDINAMARCA","25","01006-13617","FENOBARBITAL SÓDICO 200 mg/mL","Caja x 10 unidades",72444,25,"AGUA DE DIOS",25001,"Municipio","CUNDINAMARCA",72444,1
"CUNDINAMARCA","25","01009-13618","HIDROMORFONA HCl 2 mg/mL","Caja x 10 unidades",14472,25,"AGUA DE DIOS",25001,"Municipio","CUNDINAMARCA",14472,1
"CUNDINAMARCA","25","01007-006982","HIDROMORFONA HCl 2.5 mg","Caja x 20 unidades",9129,25,"AGUA DE DIOS",25001,"Municipio","CUNDINAMARCA",9129,1
"CUNDINAMARCA","25","01010-13615","MEPERIDINA HCL 100 mg/2 mL","Caja x 10 unidades",25131,25,"AGUA DE DIOS",25001,"Municipio","CUNDINAMARCA",25131,1
"CUNDINAMARCA","25","01017-0010453","MORFINA HCL 10 mg/Ml","Caja x 10 unidades",13705,25,"AGUA DE DIOS",25001,"Municipio","CUNDINAMARCA",13705,1
"CUNDINAMARCA","25","01016-006983","MORFINA SOLUCION 3% solución oral","Frasco x 30 mL",25674,25,"AGUA DE DIOS",25001,"Municipio","CUNDINAMARCA",25674,1
"CUNDINAMARCA","25","01018-MVNDP","PRIMIDONA 250 mg","Caja x 50 Tabletas",51732,25,"AGUA DE DIOS",25001,"Municipio","CUNDINAMARCA",51732,1
"CUNDINAMARCA","25","01018-1-0019329","PRIMIDONA 250 mg","Caja x 30 Tabletas",27942,25,"AGUA DE DIOS",25001,"Municipio","CUNDINAMARCA",27942,1
"CUNDINAMARCA","25","01011-1-003842","METADONA HCl 10 mg","Frasco x 20 Tabletas",62467,25,"AGUA DE DIOS",25001,"Municipio","CUNDINAMARCA",62467,1
"CUNDINAMARCA","25","01011-0019006","METADONA HCl 10 mg","Caja x 30 Tabletas",28213,25,"AGUA DE DIOS",25001,"Municipio","CUNDINAMARCA",28213,1
"CUNDINAMARCA","25","01012-1-003841","METADONA HCl 40 mg","Frasco x 20 Tabletas",136690,25,"AGUA DE DIOS",25001,"Municipio","CUNDINAMARCA",136690,1
"CUNDINAMARCA","25","01012-0019007","METADONA HCl 40 mg","Caja x 30 Tabletas",55832,25,"AGUA DE DIOS",25001,"Municipio","CUNDINAMARCA",55832,1
"CUNDINAMARCA","25","01013-011789","METILFENIDATO 10 mg","Caja x 30 Tabletas",23687,25,"AGUA DE DIOS",25001,"Municipio","CUNDINAMARCA",23687,1
"CUNDINAMARCA","25","01014-0001886","METILFENIDATO HCl 18 mg","Caja x 30 Tabletas",181249,25,"AGUA DE DIOS",25001,"Municipio","CUNDINAMARCA",181249,1
"CUNDINAMARCA","25","01015-0001908","METILFENIDATO HCl 36 mg","Caja x 30 Tabletas",349448,25,"AGUA DE DIOS",25001,"Municipio","CUNDINAMARCA",349448,1
"CUNDINAMARCA","25","01019-0016853","HIDRATO CLORAL 10% Sln Oral","Frasco x 30 mL",94805,25,"AGUA DE DIOS",25001,"Municipio","CUNDINAMARCA",94805,1
"CUNDINAMARCA","25","01020-0010453","MORFINA HCL 50 mg/5Ml","Caja x 10 unidades",24190,25,"AGUA DE DIOS",25001,"Municipio","CUNDINAMARCA",24190,1
"VAUPÉ","97","01001-0014108","FENOBARBITAL 0,4% Sln Oral","Frasco x 120 mL",33523.35,97,"MITÚ",97001,"Municipio","VAUPES",31927,1.05
"VAUPÉ","97","01004-14111","FENOBARBITAL 100 mg Tabletas","Caja x 30 unidades",4459.35,97,"MITÚ",97001,"Municipio","VAUPES",4247,1.05
"VAUPÉ","97","01005-13616","FENOBARBITAL SÓDICO 40 mg/mL","Caja x 10 unidades",38423.700000000004,97,"MITÚ",97001,"Municipio","VAUPES",36594,1.05
"VAUPÉ","97","01006-13617","FENOBARBITAL SÓDICO 200 mg/mL","Caja x 10 unidades",76066.2,97,"MITÚ",97001,"Municipio","VAUPES",72444,1.05
"VAUPÉ","97","01010-13615","MEPERIDINA HCL 100 mg/2 mL","Caja x 10 unidades",26387.550000000003,97,"MITÚ",97001,"Municipio","VAUPES",25131,1.05
"VAUPÉ","97","01017-0010453","MORFINA HCL 10 mg/Ml","Caja x 10 unidades",14390.25,97,"MITÚ",97001,"Municipio","VAUPES",13705,1.05
